,product,price $
0,1 International Documentation,30.0
1,A Certificate of Analysis (emailed),2.0
2,Actifcol,8.95
3,Aldenine PBC,7.95
4,Aloe Vera 100X Powder,6.0
5,Aloe Vera 200X Powder,12.0
6,"Aloe Vera 200X Powder, 10 lb Bulk",1290.0
7,Aloe Vera Juice 1X,3.95
8,Alpaflor® Gigawhite,14.95
9,Amber Extract,4.5
10,Apple Fruit Essence,3.15
11,Blackberry Seed Oil,6.75
12,Calendula Extract,5.65
13,Centella Asiatica Extract,3.75
14,Chamomile Extract,3.3
15,Coconut Endosperm,3.95
16,COLHIBIN PF,2.5
17,Collageneer,8.95
18,Concord Grape Fruit Essence,6.5
19,Cosmoperine,2.95
20,Cranberry Seed Oil,5.75
21,Cucumber Hydrosol,7.85
22,Daikon Seed Extract,4.45
23,Edelweiss Extract,7.55
24,ELHIBIN PF,6.4
25,Foaming Apple,3.75
26,Foaming Oats,3.75
27,Fruit Acid Complex,2.85
28,Ginger Root Extract ,4.5
29,Ginkgo Extract ,1.95
30,Gladback,3.95
31,Goji Berry Extract ,5.85
32,Green Tea Extract,3.75
33,Hawaiian Sea Extract Q,4.76
34,Helichrysum Extract,3.75
35,Hibiscus Extract ,3.85
36,Homeostatine,4.85
37,Hydrolyzed Baobab Protein,5.95
38,Hydrolyzed Oats,5.95
39,Hydrolyzed Quinoa,5.95
40,Hydrolyzed Rice Protein,5.95
41,Hydrolyzed Wheat Protein ,5.95
42,Iris Florentina Extract,3.25
43,Kakadu Plum Powder,5.35
44,Lavender Hydrosol,3.05
45,Lemon Peel Bioferment,5.95
46,Licorice Root Extract ,4.5
47,Lipomoist 2036 molecular film,5.95
48,Meadowfoam Seed Oil,2.95
49,Olive Leaf Extract ,6.3
50,Pentacare-NA PF,5.45
51,Pepha®-Protect,5.45
52,Pepha®-Tight,8.5
53,PhytoCellTec™ Malus Domestica - Apple Stem Cell Extract,13.95
54,PhytoCide Aspen Bark Extract,5.95
55,PhytoCide Elderberry OS,5.85
56,"Pomegranate Seed Oil, Cold Pressed",4.45
57,Pumpkin Seed Extract,4.5
58,Red Raspberry Seed Oil,9.75
59,Regu-Age PF,7.15
